{
  "profiles": [
    {
      "firstname": "Gracious",
      "lastname": "Husky",
      "bio":
        "I can snack all day. \n I bark at random strangers. \n I'll show you my love 24/7.",
      "tagline": "One with the Grass",
      "twitter": "https://twitter.com/",
      "imgSrc": "silly-husky.jpg",
      "id": "gracious"
    },

    {
      "firstname": "Bread",
      "lastname": "Cat",
      "bio":
        "I won't respond to you when you call my name. \n I'll sit on your latptop when you're working. \n I'm basically a bread.",
      "tagline": "Believer of Bread Transformation",
      "twitter": "https://twitter.com/",
      "imgSrc": "cat-bread.jpg",
      "id": "bread"
    },

    {
      "firstname": "Fluffy",
      "lastname": "Alpaca",
      "bio":
        "Lorem ipsum dolor sit amet, oratio feugiat sed te, hinc ancillae cum ut. Ad explicari argumentum duo. Sea dicant iriure utroque ei, in duo meis solet. Eum id reque legendos prodesset, his ad solet ceteros. At pri duis recusabo ocurreret, saepe fabellas sed ad, at iudico constituam mel. \n\n Id zril intellegat efficiendi sed, at vel eros vidit. Modus signiferumque ex his, dicant consulatu definitionem ea has. Qui at ubique debitis, cu eripuit inciderint nam. Sit ei admodum interesset mediocritatem. Prima quando suavitate vel an, illum scaevola efficiendi vim ne.",
      "tagline": "",
      "twitter": "https://twitter.com/",
      "imgSrc": "alpaca.jpg",
      "id": "fluffy"
    }
  ]
}
